{"loss": 0.9995099040529671, "accuracy": 0.6466646086603839}